Best_Fitness,Generations_Count,Converged_Count
1.1095273082678403,100,0
0.9829908722631382,100,0
0.5612874093526038,100,0
0.8993059188457148,100,0
0.9799474488748127,100,0
1.041703926689094,100,0
0.6412698177480263,100,0
0.8217527433062082,100,0
1.2530024005113722,100,0
0.5593385509861034,100,0