Best_Fitness,Generations_Count,Converged_Count
1.3320596876222408,100,0
0.6067829990648527,100,0
0.5948063732562741,100,0
0.817968921654798,100,0
0.6680958228644216,100,0
0.6740834308620868,100,0
0.6819605799557833,100,0
1.382425455893594,100,0
0.7178181055026785,100,0
1.3056080074978718,100,0